requested_size,size,coverage,raw_coverage,effective_coverage,selectivity_density,background_sites,eligible,status,primers
1,1,0.385359702022903,0.38547084593408015,0.385359702022903,75.54149472866939,25,True,evaluated,ACTGGGATGACA
2,2,0.49826310832619486,0.4983514515902576,0.49826310832619486,69.71394809596572,29,True,evaluated,ACTGGGATGACA;AATCGCGGTATG
3,3,0.5613020416759348,0.5614206543396262,0.5613020416759348,61.48987056910292,45,True,evaluated,ACTGGGATGACA;ACTGGAATGACA;AATCGCGGTATG
4,4,0.5974874820749939,0.6013896710948727,0.5974874820749939,44.28187602291644,68,True,evaluated,ACTGGGATGACA;ACTGGAATGACA;AATCGCGGTATG;TAGTAGAAGAAA
5,5,0.6289108162917599,0.6328619589172271,0.6289108162917599,41.474134762446845,83,True,evaluated,ACTGGGATGACA;CTGGAATGACAC;AATCGCGGTATG;TAGTAGAAGAAA;AGTAGCTGACAC
6,6,0.6510763482996288,0.658522522010882,0.6510763482996288,35.57531350780352,98,True,evaluated,ACTGGGATGACA;CTGGAATGACAC;AATCGCGGTATG;TAGTAGAAGAAA;AGTAGCTGACAC;GAAGTATCAATA
7,7,0.6719484304083825,0.6770872279303539,0.6719484304083825,31.872559801869368,102,True,evaluated,ACTGGGATGACA;CTGGAATGACAC;AATCGCGGTATG;CGGTATCTCTAG;AGTAGCTGACAC;GAAGTATCAATA;TATAGCAAAAGA
8,8,0.6912396512176384,0.6962900561768506,0.6912396512176384,28.788854986814442,116,True,evaluated,ACTGGGATGACA;CTGGAATGACAC;AATCGCGGTATG;CGGTATCTCTAG;AGTAGCTGACAC;GAAGTATCAATA;TATAGCAAAAGA;AGAATGGTATCA
9,9,0.7025738159241889,0.7078109643456052,0.7025738159241889,25.8018815309467,124,True,evaluated,ACTGGGATGACA;CTGGAATGACAC;AATCGCGGTATG;CGGTATCTCTAG;AGTAGCTGACAC;GAAGTATCAATA;TATAGCAAAAGA;AGAATGGTATCA;GATGTAGCAATA
10,10,0.7138301379890234,0.7191843708145407,0.7138301379890234,22.64848827747572,134,True,evaluated,ACTGGGATGACA;CTGGAATGACAC;AATCGCGGTATG;CGGTATCTCTAG;AGTAGCTGACAC;GAAGTATCAATA;TATAGCAAAAGA;AGAATGGTATCA;GATGTAGCAATA;GAAGCAATATCA
11,11,0.724061885245255,0.7295875789370728,0.724061885245255,20.991199387726564,141,True,evaluated,ACTGGGATGACA;CTGGAATGACAC;AATCGCGGTATG;CGGTATCTCTAG;AGTAGCTGACAC;GAAGTATCAATA;TATAGCAAAAGA;GATGTAGCAATA;GAAGCAATATCA;AGTAATAGCAAG;AGAATGGTATCA
12,12,0.7357502610858965,0.7422545832012128,0.7357502610858965,20.36086786362896,144,True,evaluated,ACTGGGATGACA;CTGGAATGACAC;AGTAATAGCAAG;CGGTATCTCTAG;AGTAGCTGACAC;GAAGTATCAATA;TATAGCAAAAGA;GATGTAGCAATA;CGGTATGACGTA;GAAGCAATATCA;AGAATGGTATCA;AAGGTAGTATCA
13,13,0.7390739299027751,0.7441981350105933,0.7390739299027751,23.832111724884914,135,True,evaluated,ACTGGGATGACA;ACTGGAATGACA;AATCGCGGTATG;CGGTATCTCTAG;AGTAGCTGACAC;GAAGTATCAATA;TATAGCAAAAGA;GAAGCAATATCA;GTAGCGGAATGA;AGTAATAGCAAG;AAGCACGGTTCT;AAGGTAGTATCA;GATGTAGCAATA
14,14,0.7468056416639454,0.7518414049103079,0.7468056416639454,24.20709208672818,161,True,evaluated,ACTGGGATGACA;ACTGGAATGACA;AATCGCGGTATG;CGGTATCTCTAG;AGTAGCTGACAC;GAAGTATCAATA;TATAGCAAAAGA;GAAGCAATATCA;GTAGCGGAATGA;GCTGGAATGACA;AAGCACGGTTCT;AAGGTAGTATCA;GATGTAGCAATA;AGTAATAGCAAG
15,15,0.7547593947539877,0.7598680214737235,0.7547593947539877,22.36531798142282,165,True,evaluated,ACTGGGATGACA;ACTGGAATGACA;AATCGCGGTATG;CGGTATCTCTAG;AGTAGCTGACAC;GAAGTATCAATA;TATAGCAAAAGA;AGTAATAGCAAG;GTAGCGGAATGA;GCTGGAATGACA;AAGCACGGTTCT;AAGGTAGTATCA;GATGTAGCAATA;ATAAAGCAGGTA;GAAGCAATATCA
16,16,0.7641840237517176,0.7698531766502443,0.7641840237517176,21.86461819663963,171,True,evaluated,ACTGGGATGACA;ACTGGAATGACA;AATCGCGGTATG;CGGTATCTCTAG;AGTAGCTGACAC;GAAGTATCAATA;TATAGCAAAAGA;ATAAGGTAGTAC;GTAGCGGAATGA;GCTGGAATGACA;AAGCACGGTTCT;AAGGTAGTATCA;AGTAATAGCAAG;ATAAAGCAGGTA;GAAGCAATATCA;GATGTAGCAATA
17,17,0.764405473496232,0.7699525628223148,0.764405473496232,20.34321272025072,182,True,evaluated,ACTGGGATGACA;ACTGGAATGACA;AATCGCGGTATG;CGGTATCTCTAG;AGTAGCTGACAC;GAAGTATCAATA;TATAGCAAAAGA;CGGTAAATCTAA;CGGTATGACGTA;GCTGGAATGACA;AAGCACGGTTCT;AAGGTAGTATCA;AGTAATAGCAAG;ATAAAGCAGGTA;GAAGCAATATCA;GATGTAGCAATA;AAGTAACTGACA
18,18,0.7725544987229666,0.777853763501927,0.7725544987229666,21.950599301128427,192,True,evaluated,ACTGGGATGACA;ACTGGAATGACA;AATCGCGGTATG;CGGTATCTCTAG;AGTAGCTGACAC;GAAGTATCAATA;TATAGCAAAAGA;CTAACAAGTAGC;GTAGCGGAATGA;GCTGGAATGACA;AAGCACGGTTCT;AAGGTAGTATCA;AGTAATAGCAAG;ATAAAGCAGGTA;GAAGCAATATCA;GATGTAGCAATA;AAGTAACTGACA;CGGTAAATCTAA
19,19,0.777387249937292,0.7829634747929849,0.777387249937292,20.019141064124785,206,True,evaluated,ACTGGGATGACA;ACTGGAATGACA;AATCGCGGTATG;CGGTATCTCTAG;AGTAGCTGACAC;GAAGTATCAATA;TATAGCAAAAGA;CACTCTCTAATC;AGTAATAGCAAG;GCTGGAATGACA;AAGCACGGTTCT;AAGGTAGTATCA;ATAAGGTAGTAC;ATAACACTCTGC;GAAGCAATATCA;GATGTAGCAATA;AAGTAACTGACA;CGGTAAATCTAA;GTAGCGGAATGA
20,20,0.7792954052826117,0.7848660100869077,0.7792954052826117,21.457870112903823,213,True,evaluated,ACTGGGATGACA;ACTGGAATGACA;AATCGCGGTATG;CGGTATCTCTAG;AGTAGCTGACAC;GAAGTATCAATA;TATAGCAAAAGA;CTAACAAGTAGC;ATAAGGTAGTAC;GCTGGAATGACA;AAGCACGGTTCT;AAGGTAGTATCA;CACTCTCTAATC;ATAACACTCTGC;GAAGCAATATCA;GATGTAGCAATA;AAGTAACTGACA;CGGTAAATCTAA;GTAGCGGAATGA;AGTAATAGCAAG
21,21,0.7817183869151005,0.785751020285822,0.7817183869151005,20.83047080430484,223,True,evaluated,ACTGGGATGACA;ACTGGAATGACA;AATCGCGGTATG;CGGTATCTCTAG;AGTAGCTGACAC;GAAGTATCAATA;TATAGCAAAAGA;CTAACAAGTAGC;AATAAGGGATCT;GCTGGAATGACA;AAGCACGGTTCT;AAGGTAGTATCA;TAAAGTATGGGA;ATAACACTCTGC;GAAGCAATATCA;GATGTAGCAATA;AAGTAACTGACA;CGGTAAATCTAA;GTAGCGGAATGA;ATAAGGTAGTAC;AGTAATAGCAAG
22,22,0.779861600811496,0.7837609305069799,0.779861600811496,21.408104589787424,224,True,evaluated,ACTGGGATGACA;ACTGGAATGACA;AATCGCGGTATG;CGGTATCTCTAG;AGTAGCTGACAC;GAAGTATCAATA;TATAGCAAAAGA;CTAACAAGTAGC;CGGTATGACGTA;GCTGGAATGACA;AAGCACGGTTCT;AAGGTAGTATCA;TAAAGTATGGGA;ATAACACTCTGC;GAAGCAATATCA;GATGTAGCAATA;AAGTAACTGACA;CGGTAAATCTAA;GTAGCGGAATGA;ATAAGGTAGTAC;AGTAATAGCAAG;CGGAATGACGAA
23,23,0.7838850153259788,0.7877758163469745,0.7838850153259788,19.106408158574553,243,True,evaluated,ACTGGGATGACA;ACTGGAATGACA;AATCGCGGTATG;CGGTATCTCTAG;AGTAGCTGACAC;GAAGTATCAATA;TATAGCAAAAGA;CTAACAAGTAGC;CGGTATGACGTA;GCTGGAATGACA;AAGCACGGTTCT;AAGGTAGTATCA;TAAAGTATGGGA;ATAACACTCTGC;GAAGCAATATCA;GATGTAGCAATA;AAGTAACTGACA;CGGTAAATCTAA;GTAGCGGAATGA;ATAAGGTAGTAC;AGTAATAGCAAG;ATCACGGTATGA;AGACACTGGAAT
24,24,0.7895363713950821,0.7935812308425265,0.7895363713950821,18.506892058700227,256,True,evaluated,ACTGGGATGACA;ACTGGAATGACA;AATCGCGGTATG;CGGTATCTCTAG;AGTAGCTGACAC;GAAGTATCAATA;TATAGCAAAAGA;CTAACAAGTAGC;CGGTATGACGTA;GCTGGAATGACA;AAGCACGGTTCT;AAGGTAGTATCA;TAAAGTATGGGA;ATAACACTCTGC;GAAGCAATATCA;GATGTAGCAATA;AAGTAACTGACA;CGGTAAATCTAA;GTAGCGGAATGA;GATGGTAAAGTA;AGTAATAGCAAG;ATCACGGTATGA;AGACACTGGAAT;ATAAGGTAGTAC
25,25,0.7958906282783633,0.7999064507935907,0.7958906282783633,18.049274045515155,276,True,evaluated,ACTGGGATGACA;ACTGGAATGACA;AATCGCGGTATG;CGGTATCTCTAG;AGTAGCTGACAC;GAAGTATCAATA;TATAGCAAAAGA;CTAACAAGTAGC;CGGTATGACGTA;GCTGGAATGACA;AAGCACGGTTCT;AAGGTAGTATCA;TAAAGTATGGGA;ATAACACTCTGC;GAAGCAATATCA;GATGTAGCAATA;AAGTAACTGACA;CGGTAAATCTAA;GTAGCGGAATGA;GATGGTAAAGTA;AGTAATAGCAAG;ATCACGGTATGA;AGACACTGGAAT;ATAAGGTAGTAC;GGTTCTGCAAGA
26,26,0.8013067309679425,0.8040641056585438,0.8013067309679425,16.964086762672995,291,True,evaluated,ACTGGGATGACA;ACTGGAATGACA;AATCGCGGTATG;CGGTATCTCTAG;AGTAGCTGACAC;GAAGTATCAATA;TATAGCAAAAGA;CTAACAAGTAGC;CGGTATGACGTA;GCTGGAATGACA;AAGCACGGTTCT;AAGGTAGTATCA;TAAAGTATGGGA;ATAACACTCTGC;GAAGCAATATCA;GATGTAGCAATA;AAGTAACTGACA;CGGTAAATCTAA;GTAGCGGAATGA;CACTCTCTAATC;AGTAATAGCAAG;GACGAAGGTTCA;AGACACTGGAAT;ATAAGGTAGTAC;GGTTCTGCAAGA;GATGGTAAAGTA
27,27,0.8054552162753533,0.8087967805190482,0.8054552162753533,16.699329782507597,303,True,evaluated,ACTGGGATGACA;ACTGGAATGACA;AATCGCGGTATG;CGGTATCTCTAG;AGTAGCTGACAC;GAAGTATCAATA;TATAGCAAAAGA;CTAACAAGTAGC;CGGTATGACGTA;GCTGGAATGACA;AAGCACGGTTCT;AAGGTAGTATCA;TAAAGTATGGGA;ATAACACTCTGC;GAAGCAATATCA;GATGTAGCAATA;AAGTAACTGACA;CGGTAAATCTAA;GTAGCGGAATGA;AATAAGGTAGTA;CACTCTCTAATC;GACGAAGGTTCA;AGACACTGGAAT;ATAAGGTAGTAC;GGTTCTGCAAGA;GATGGTAAAGTA;AGTAATAGCAAG
28,28,0.8054980075438837,0.8088267541264981,0.8054980075438837,16.74546963899537,303,True,evaluated,ACTGGGATGACA;ACTGGAATGACA;AATCGCGGTATG;CGGTATCTCTAG;AGTAGCTGACAC;GAAGTATCAATA;TATAGCAAAAGA;CTAACAAGTAGC;CGGTATGACGTA;GCTGGAATGACA;AAGCACGGTTCT;AAGGTAGTATCA;TAAAGTATGGGA;ATAACACTCTGC;GAAGCAATATCA;GATGTAGCAATA;AAGTAACTGACA;CGGTAAATCTAA;GTAGCGGAATGA;AATAAGGTAGTA;CACTCTCTAATC;GACGAAGGTTCA;AGACACTGGAAT;ATAAGGTAGTAC;GGTTCTGCAAGA;GATGGTAAAGTA;AGTAATAGCAAG;GTGACGGTATGA
29,29,0.808966910320544,0.8118209597549105,0.808966910320544,16.111354062541643,324,True,evaluated,ACTGGGATGACA;ACTGGAATGACA;AATCGCGGTATG;CGGTATCTCTAG;AGTAGCTGACAC;GAAGTATCAATA;TATAGCAAAAGA;CTAACAAGTAGC;CGGTATGACGTA;GCTGGAATGACA;AAGCACGGTTCT;AAGGTAGTATCA;TAAAGTATGGGA;ATAACACTCTGC;GAAGCAATATCA;GATGTAGCAATA;AAGTAACTGACA;CGGTAAATCTAA;GTAGCGGAATGA;GATGACAAAAGA;CACTCTCTAATC;GACGAAGGTTCA;AGACACTGGAAT;ATAAGGTAGTAC;GGTTCTGCAAGA;GATGGTAAAGTA;AGTAATAGCAAG;GTGACGGTATGA;AATAAGGGATCT
30,30,0.8131153463292585,0.816553634615415,0.8131153463292585,15.891981517510683,336,True,evaluated,ACTGGGATGACA;ACTGGAATGACA;AATCGCGGTATG;CGGTATCTCTAG;AGTAGCTGACAC;GAAGTATCAATA;TATAGCAAAAGA;CTAACAAGTAGC;CGGTATGACGTA;GCTGGAATGACA;AAGCACGGTTCT;AAGGTAGTATCA;TAAAGTATGGGA;ATAACACTCTGC;GAAGCAATATCA;GATGTAGCAATA;AAGTAACTGACA;CGGTAAATCTAA;GTAGCGGAATGA;GATGACAAAAGA;AATAAGGTAGTA;GACGAAGGTTCA;AGACACTGGAAT;ATAAGGTAGTAC;GGTTCTGCAAGA;GATGGTAAAGTA;AGTAATAGCAAG;GTGACGGTATGA;AATAAGGGATCT;CACTCTCTAATC
31,31,0.8167070521588097,0.8201189163436616,0.8167070521588097,16.060195877625866,329,True,evaluated,ACTGGGATGACA;ACTGGAATGACA;ATAAGTAGCGAT;CGGTATCTCTAG;AGTAGCTGACAC;GAAGTATCAATA;TATAGCAAAAGA;CTAACAAGTAGC;CGGTATGACGTA;GCTGGAATGACA;AAGCACGGTTCT;AAGGTAGTATCA;TAAAGTATGGGA;ATAACACTCTGC;GAAGCAATATCA;GATGTAGCAATA;AAGTAACTGACA;CGGTAAATCTAA;GTAGCGGAATGA;AGACACTGGGAT;TAAGCGCGTTCA;GACGAAGGTTCA;AGACACTGGAAT;ATAAGGTAGTAC;GGTTCTGCAAGA;GATGGTAAAGTA;AGTAATAGCAAG;GTGACGGTATGA;AATAAGGGATCT;CACTCTCTAATC;AATAAGGTAGTA
32,32,0.8198431394356444,0.8233371352488046,0.8198431394356444,15.697211483628529,339,True,evaluated,ACTGGGATGACA;ACTGGAATGACA;ATAAGTAGCGAT;CGGTATCTCTAG;AGTAGCTGACAC;GAAGTATCAATA;TATAGCAAAAGA;CTAACAAGTAGC;CGGTATGACGTA;GCTGGAATGACA;AAGCACGGTTCT;AAGGTAGTATCA;TAAAGTATGGGA;ATAACACTCTGC;GAAGCAATATCA;GATGTAGCAATA;AAGTAACTGACA;CGGTAAATCTAA;GTAGCGGAATGA;AGACACTGGGAT;TAAGCGCGTTCA;GACGAAGGTTCA;AGACACTGGAAT;ATAAGGTAGTAC;GGTTCTGCAAGA;GATGGTAAAGTA;AGTAATAGCAAG;GTGACGGTATGA;AATAAGGGATCT;CACTCTCTAATC;AATAAGGTAGTA;AGGTAGTAAATG
33,33,0.8230003758532618,0.8265403673502226,0.8230003758532618,15.114784953264406,368,True,evaluated,ACTGGGATGACA;ACTGGAATGACA;ATAAGTAGCGAT;CGGTATCTCTAG;AGTAGCTGACAC;GAAGTATCAATA;TATAGCAAAAGA;CTAACAAGTAGC;CGGTATGACGTA;GCTGGAATGACA;AAGCACGGTTCT;AAGGTAGTATCA;TAAAGTATGGGA;ATAACACTCTGC;GAAGCAATATCA;GATGTAGCAATA;AAGTAACTGACA;CGGTAAATCTAA;GTAGCGGAATGA;AGACACTGGGAT;GATGACAAAAGA;GACGAAGGTTCA;AGACACTGGAAT;ATAAGGTAGTAC;GGTTCTGCAAGA;GATGGTAAAGTA;AGTAATAGCAAG;GTGACGGTATGA;AATAAGGGATCT;CACTCTCTAATC;AATAAGGTAGTA;AGGTAGTAAATG;CGGAATGACGAA
34,34,0.8248025882998812,0.828323008214346,0.8248025882998812,15.01908448152873,373,True,evaluated,ACTGGGATGACA;ACTGGAATGACA;ATAAGTAGCGAT;CGGTATCTCTAG;AGTAGCTGACAC;GAAGTATCAATA;TATAGCAAAAGA;CTAACAAGTAGC;CGGTATGACGTA;GCTGGAATGACA;AAGCACGGTTCT;AAGGTAGTATCA;TAAAGTATGGGA;ATAACACTCTGC;GAAGCAATATCA;GATGTAGCAATA;AAGTAACTGACA;CGGTAAATCTAA;GTAGCGGAATGA;AGACACTGGGAT;TAAGCGCGTTCA;GACGAAGGTTCA;AGACACTGGAAT;ATAAGGTAGTAC;GGTTCTGCAAGA;GATGGTAAAGTA;AGTAATAGCAAG;GTGACGGTATGA;AATAAGGGATCT;CACTCTCTAATC;AATAAGGTAGTA;AGGTAGTAAATG;CGGAATGACGAA;GATGACAAAAGA
35,35,0.826357271991557,0.8299210747589096,0.826357271991557,14.62413560965917,387,True,evaluated,ACTGGGATGACA;ACTGGAATGACA;ATAAGTAGCGAT;CGGTATCTCTAG;AGTAGCTGACAC;GAAGTATCAATA;TATAGCAAAAGA;CTAACAAGTAGC;CGGTATGACGTA;GCTGGAATGACA;AAGCACGGTTCT;AAGGTAGTATCA;TAAAGTATGGGA;ATAACACTCTGC;GAAGCAATATCA;GATGTAGCAATA;AAGTAACTGACA;CGGTAAATCTAA;GTAGCGGAATGA;AGACACTGGGAT;TAAGCGCGTTCA;GACGAAGGTTCA;AGACACTGGAAT;ATAAGGTAGTAC;GGTTCTGCAAGA;GATGGTAAAGTA;AGTAATAGCAAG;GTGACGGTATGA;AATAAGGGATCT;CACTCTCTAATC;AATAAGGTAGTA;AGGTAGTAAATG;CGGAATGACGAA;GATGACAAAAGA;ATGAGGAAATAG
36,36,0.8272945388087226,0.8308557780438592,0.8272945388087226,15.690558615464848,400,True,evaluated,ACTGGGATGACA;ACTGGAATGACA;ATAAGTAGCGAT;CGGTATCTCTAG;AGTAGCTGACAC;GAAGTATCAATA;TATAGCAAAAGA;CTAACAAGTAGC;CGGTATGACGTA;GCTGGAATGACA;AAGCACGGTTCT;AAGGTAGTATCA;TAAAGTATGGGA;ATAACACTCTGC;GAAGCAATATCA;GATGTAGCAATA;AAGTAACTGACA;CGGTAAATCTAA;GTAGCGGAATGA;AGACACTGGGAT;TAAGCGCGTTCA;GACGAAGGTTCA;AGACACTGGAAT;ATAAGGTAGTAC;GGTTCTGCAAGA;GATGGTAAAGTA;AGTAATAGCAAG;GTGACGGTATGA;AATAAGGGATCT;CACTCTCTAATC;AATAAGGTAGTA;AGGTAGTAAATG;CGGAATGACGAA;GATGACAAAAGA;ATGAGGAAATAG;ACTCGGATGACA
37,37,0.8273123849368424,0.8308573556021461,0.8273123849368424,16.505425378293424,411,True,evaluated,ACTGGGATGACA;ACTGGAATGACA;ATAAGTAGCGAT;CGGTATCTCTAG;AGTAGCTGACAC;GAAGTATCAATA;TATAGCAAAAGA;CTAACAAGTAGC;CGGTATGACGTA;GCTGGAATGACA;AAGCACGGTTCT;AAGGTAGTATCA;TAAAGTATGGGA;ATAACACTCTGC;GAAGCAATATCA;GATGTAGCAATA;AAGTAACTGACA;CGGTAAATCTAA;GTAGCGGAATGA;AGACACTGGGAT;TAAGCGCGTTCA;GACGAAGGTTCA;AGACACTGGAAT;ATAAGGTAGTAC;GGTTCTGCAAGA;GATGGTAAAGTA;AGTAATAGCAAG;GTGACGGTATGA;AATAAGGGATCT;CACTCTCTAATC;AATAAGGTAGTA;AGGTAGTAAATG;CGGAATGACGAA;GATGACAAAAGA;ATGAGGAAATAG;ACTCGGATGACA;GCACTGGAATGA
38,38,0.8292381892154961,0.8327669899083596,0.8292381892154961,15.836423663790823,439,True,evaluated,ACTGGGATGACA;ACTGGAATGACA;ATAAGTAGCGAT;CGGTATCTCTAG;AGTAGCTGACAC;GAAGTATCAATA;TATAGCAAAAGA;CTAACAAGTAGC;CGGTATGACGTA;GCTGGAATGACA;AAGCACGGTTCT;AAGGTAGTATCA;TAAAGTATGGGA;ATAACACTCTGC;GAAGCAATATCA;GATGTAGCAATA;AAGTAACTGACA;CGGTAAATCTAA;GTAGCGGAATGA;AGACACTGGGAT;TAAGCGCGTTCA;GACGAAGGTTCA;AGACACTGGAAT;ATAAGGTAGTAC;GGTTCTGCAAGA;GATGGTAAAGTA;AGTAATAGCAAG;GTGACGGTATGA;AATAAGGGATCT;CACTCTCTAATC;AATAAGGTAGTA;AGGTAGTAAATG;CGGAATGACGAA;GATGACAAAAGA;ATGAGGAAATAG;ACTCGGATGACA;GCACTGGAATGA;GAAGTAGCAAAA
39,39,0.8311208078360475,0.8346561159568443,0.8311208078360475,15.232042522599787,471,True,evaluated,ACTGGGATGACA;ACTGGAATGACA;ATAAGTAGCGAT;CGGTATCTCTAG;AGTAGCTGACAC;GAAGTATCAATA;TATAGCAAAAGA;CTAACAAGTAGC;CGGTATGACGTA;GCTGGAATGACA;AAGCACGGTTCT;AAGGTAGTATCA;TAAAGTATGGGA;ATAACACTCTGC;GAAGCAATATCA;GATGTAGCAATA;AAGTAACTGACA;CGGTAAATCTAA;GTAGCGGAATGA;AGACACTGGGAT;TAAGCGCGTTCA;GACGAAGGTTCA;AGACACTGGAAT;ATAAGGTAGTAC;GGTTCTGCAAGA;GATGGTAAAGTA;AGTAATAGCAAG;GTGACGGTATGA;AATAAGGGATCT;CACTCTCTAATC;AATAAGGTAGTA;AGGTAGTAAATG;CGGAATGACGAA;GATGACAAAAGA;ATGAGGAAATAG;ACTCGGATGACA;GCACTGGAATGA;GAAGTAGCAAAA;TGGAATGACAAA
40,40,0.834261331995564,0.8381598729119044,0.834261331995564,14.926268999624387,508,True,evaluated,ACTGGGATGACA;ACTGGAATGACA;ATAAGTAGCGAT;CGGTATCTCTAG;AGTAGCTGACAC;GAAGTATCAATA;TATAGCAAAAGA;CTAACAAGTAGC;CGGTATGACGTA;GCTGGAATGACA;AAGCACGGTTCT;AAGGTAGTATCA;TAAAGTATGGGA;ATAACACTCTGC;GAAGCAATATCA;GATGTAGCAATA;AAGTAACTGACA;CGGTAAATCTAA;GTAGCGGAATGA;AGACACTGGGAT;TAAGCGCGTTCA;GACGAAGGTTCA;AGACACTGGAAT;ATAAGGTAGTAC;GGTTCTGCAAGA;GATGGTAAAGTA;AGTAATAGCAAG;GTGACGGTATGA;AATAAGGGATCT;CACTCTCTAATC;AATAAGGTAGTA;AGGTAGTAAATG;CGGAATGACGAA;GATGACAAAAGA;ATGAGGAAATAG;ACTCGGATGACA;GCACTGGAATGA;GAAGTAGCAAAA;TGGAATGACAAA;AAATAGTAAAGG
41,41,0.8367646212045919,0.8405901014527735,0.8367646212045919,15.13966226683777,527,True,evaluated,ACTGGGATGACA;ACTGGAATGACA;ATAAGTAGCGAT;CGGTATCTCTAG;AGTAGCTGACAC;GAAGTATCAATA;TATAGCAAAAGA;CTAACAAGTAGC;CTAACACGTAGC;GCTGGAATGACA;AAGCACGGTTCT;AAGGTAGTATCA;TAAAGTATGGGA;ATAACACTCTGC;GAAGCAATATCA;GATGTAGCAATA;AAGTAACTGACA;CGGTAAATCTAA;GTAGCGGAATGA;AGACACTGGGAT;GTGACACTGGAA;GACGAAGGTTCA;AGACACTGGAAT;ATAAGGTAGTAC;GGTTCTGCAAGA;GATGGTAAAGTA;AGTAATAGCAAG;GTGACGGTATGA;AATAAGGGATCT;CACTCTCTAATC;AATAAGGTAGTA;AGGTAGTAAATG;CGGAATGACGAA;GATGACAAAAGA;ATGAGGAAATAG;ACTCGGATGACA;GCACTGGAATGA;GAAGTAGCAAAA;TGGAATGACAAA;AAATAGTAAAGG;ATAAGACGCCAA
42,42,0.8378329239569579,0.841615514339216,0.8378329239569579,14.864601288122952,545,True,evaluated,ACTGGGATGACA;ACTGGAATGACA;ATAAGTAGCGAT;CGGTATCTCTAG;AGTAGCTGACAC;GAAGTATCAATA;TATAGCAAAAGA;CTAACAAGTAGC;CTAACACGTAGC;GCTGGAATGACA;AAGCACGGTTCT;AAGGTAGTATCA;TAAAGTATGGGA;ATAACACTCTGC;GAAGCAATATCA;GATGTAGCAATA;AAGTAACTGACA;CGGTAAATCTAA;GTAGCGGAATGA;AGACACTGGGAT;GTGACACTGGAA;GACGAAGGTTCA;AGACACTGGAAT;ATAAGGTAGTAC;GGTTCTGCAAGA;GATGGTAAAGTA;AGTAATAGCAAG;GTGACGGTATGA;AATAAGGGATCT;CACTCTCTAATC;AATAAGGTAGTA;AGGTAGTAAATG;CGGAATGACGAA;GATGACAAAAGA;ATGAGGAAATAG;ACTCGGATGACA;GCACTGGAATGA;GAAGTAGCAAAA;TGGAATGACAAA;AAATAGTAAAGG;ATAAGACGCCAA;AGCACTGGAATA
43,43,0.8378556013573312,0.841615514339216,0.8378556013573312,14.725891483229276,557,True,evaluated,ACTGGGATGACA;ACTGGAATGACA;ATAAGTAGCGAT;CGGTATCTCTAG;AGTAGCTGACAC;GAAGTATCAATA;TATAGCAAAAGA;CTAACAAGTAGC;CTAACACGTAGC;GCTGGAATGACA;AAGCACGGTTCT;AAGGTAGTATCA;TAAAGTATGGGA;ATAACACTCTGC;GAAGCAATATCA;GATGTAGCAATA;AAGTAACTGACA;CGGTAAATCTAA;GTAGCGGAATGA;AGACACTGGGAT;GTGACACTGGAA;GACGAAGGTTCA;AGACACTGGAAT;ATAAGGTAGTAC;GGTTCTGCAAGA;GATGGTAAAGTA;AGTAATAGCAAG;GTGACGGTATGA;AATAAGGGATCT;CACTCTCTAATC;AATAAGGTAGTA;AGGTAGTAAATG;CGGAATGACGAA;GATGACAAAAGA;ATGAGGAAATAG;ACTCGGATGACA;GCACTGGAATGA;GAAGTAGCAAAA;TGGAATGACAAA;AAATAGTAAAGG;ATAAGACGCCAA;AGCACTGGAATA;AGGAAGTAGTAT
44,44,0.8378780815629185,0.8416194582349331,0.8378780815629185,14.412197966639805,571,True,evaluated,ACTGGGATGACA;ACTGGAATGACA;ATAAGTAGCGAT;CGGTATCTCTAG;AGTAGCTGACAC;GAAGTATCAATA;TATAGCAAAAGA;CTAACAAGTAGC;CTAACACGTAGC;GCTGGAATGACA;AAGCACGGTTCT;AAGGTAGTATCA;TAAAGTATGGGA;ATAACACTCTGC;GAAGCAATATCA;GATGTAGCAATA;AAGTAACTGACA;CGGTAAATCTAA;GTAGCGGAATGA;AGACACTGGGAT;GTGACACTGGAA;GACGAAGGTTCA;AGACACTGGAAT;ATAAGGTAGTAC;GGTTCTGCAAGA;GATGGTAAAGTA;AGTAATAGCAAG;GTGACGGTATGA;AATAAGGGATCT;CACTCTCTAATC;AATAAGGTAGTA;AGGTAGTAAATG;CGGAATGACGAA;GATGACAAAAGA;ATGAGGAAATAG;ACTCGGATGACA;GCACTGGAATGA;GAAGTAGCAAAA;TGGAATGACAAA;AAATAGTAAAGG;ATAAGACGCCAA;AGCACTGGAATA;AGGAAGTAGTAT;GATGACAGGAAA
45,45,0.837889716055284,0.8416289235846541,0.837889716055284,15.003419862262023,584,True,evaluated,ACTGGGATGACA;ACTGGAATGACA;ATAAGTAGCGAT;CGGTATCTCTAG;AGTAGCTGACAC;GAAGTATCAATA;TATAGCAAAAGA;CTAACAAGTAGC;CTAACACGTAGC;GCTGGAATGACA;AAGCACGGTTCT;AAGGTAGTATCA;TAAAGTATGGGA;ATAACACTCTGC;GAAGCAATATCA;GATGTAGCAATA;AAGTAACTGACA;CGGTAAATCTAA;GTAGCGGAATGA;AGACACTGGGAT;GTGACACTGGAA;GACGAAGGTTCA;AGACACTGGAAT;ATAAGGTAGTAC;GGTTCTGCAAGA;GATGGTAAAGTA;AGTAATAGCAAG;GTGACGGTATGA;AATAAGGGATCT;CACTCTCTAATC;AATAAGGTAGTA;AGGTAGTAAATG;CGGAATGACGAA;GATGACAAAAGA;ATGAGGAAATAG;ACTCGGATGACA;GCACTGGAATGA;GAAGTAGCAAAA;TGGAATGACAAA;AAATAGTAAAGG;ATAAGACGCCAA;AGCACTGGAATA;AGGAAGTAGTAT;GATGACAGGAAA;ACACTGGGATGA
46,46,0.8379635655025864,0.8416865044621236,0.8379635655025864,14.979056748502298,587,True,evaluated,ACTGGGATGACA;ACTGGAATGACA;ATAAGTAGCGAT;CGGTATCTCTAG;AGTAGCTGACAC;GAAGTATCAATA;TATAGCAAAAGA;CTAACAAGTAGC;CTAACACGTAGC;GCTGGAATGACA;AAGCACGGTTCT;AAGGTAGTATCA;TAAAGTATGGGA;ATAACACTCTGC;GAAGCAATATCA;GATGTAGCAATA;AAGTAACTGACA;CGGTAAATCTAA;GTAGCGGAATGA;AGACACTGGGAT;GTGACACTGGAA;GACGAAGGTTCA;AGACACTGGAAT;ATAAGGTAGTAC;GGTTCTGCAAGA;GATGGTAAAGTA;AGTAATAGCAAG;GTGACGGTATGA;AATAAGGGATCT;CACTCTCTAATC;AATAAGGTAGTA;AGGTAGTAAATG;CGGAATGACGAA;GATGACAAAAGA;ATGAGGAAATAG;ACTCGGATGACA;GCACTGGAATGA;GAAGTAGCAAAA;TGGAATGACAAA;AAATAGTAAAGG;ATAAGACGCCAA;AGCACTGGAATA;AGGAAGTAGTAT;GATGACAGGAAA;ACACTGGGATGA;ACGCATGGTAGT
47,47,0.8381185606042679,0.8418134979042138,0.8381185606042679,14.800430723453738,610,True,evaluated,ACTGGGATGACA;ACTGGAATGACA;ATAAGTAGCGAT;CGGTATCTCTAG;AGTAGCTGACAC;GAAGTATCAATA;TATAGCAAAAGA;CTAACAAGTAGC;CTAACACGTAGC;GCTGGAATGACA;AAGCACGGTTCT;AAGGTAGTATCA;TAAAGTATGGGA;ATAACACTCTGC;GAAGCAATATCA;GATGTAGCAATA;AAGTAACTGACA;CGGTAAATCTAA;GTAGCGGAATGA;AGACACTGGGAT;GTGACACTGGAA;GACGAAGGTTCA;AGACACTGGAAT;ATAAGGTAGTAC;GGTTCTGCAAGA;GATGGTAAAGTA;AGTAATAGCAAG;GTGACGGTATGA;AATAAGGGATCT;CACTCTCTAATC;AATAAGGTAGTA;AGGTAGTAAATG;CGGAATGACGAA;GATGACAAAAGA;ATGAGGAAATAG;ACTCGGATGACA;GCACTGGAATGA;GAAGTAGCAAAA;TGGAATGACAAA;AAATAGTAAAGG;ATAAGACGCCAA;AGCACTGGAATA;AGGAAGTAGTAT;GATGACAGGAAA;ACACTGGGATGA;ACGCATGGTAGT;ATGTAAGTAATC
48,48,0.8381750569104152,0.8418860655854082,0.8381750569104152,14.723622358984919,618,True,evaluated,ACTGGGATGACA;ACTGGAATGACA;ATAAGTAGCGAT;CGGTATCTCTAG;AGTAGCTGACAC;GAAGTATCAATA;TATAGCAAAAGA;CTAACAAGTAGC;CTAACACGTAGC;GCTGGAATGACA;AAGCACGGTTCT;AAGGTAGTATCA;TAAAGTATGGGA;ATAACACTCTGC;GAAGCAATATCA;GATGTAGCAATA;AAGTAACTGACA;CGGTAAATCTAA;GTAGCGGAATGA;AGACACTGGGAT;GTGACACTGGAA;GACGAAGGTTCA;AGACACTGGAAT;ATAAGGTAGTAC;GGTTCTGCAAGA;GATGGTAAAGTA;AGTAATAGCAAG;GTGACGGTATGA;AATAAGGGATCT;CACTCTCTAATC;AATAAGGTAGTA;AGGTAGTAAATG;CGGAATGACGAA;GATGACAAAAGA;ATGAGGAAATAG;ACTCGGATGACA;GCACTGGAATGA;GAAGTAGCAAAA;TGGAATGACAAA;AAATAGTAAAGG;ATAAGACGCCAA;AGCACTGGAATA;AGGAAGTAGTAT;GATGACAGGAAA;ACACTGGGATGA;ACGCATGGTAGT;ATGTAAGTAATC;ATGTAATAGTAG
49,48,0.8381750569104152,0.8418860655854082,0.8381750569104152,14.723622358984919,618,True,evaluated,ACTGGGATGACA;ACTGGAATGACA;ATAAGTAGCGAT;CGGTATCTCTAG;AGTAGCTGACAC;GAAGTATCAATA;TATAGCAAAAGA;CTAACAAGTAGC;CTAACACGTAGC;GCTGGAATGACA;AAGCACGGTTCT;AAGGTAGTATCA;TAAAGTATGGGA;ATAACACTCTGC;GAAGCAATATCA;GATGTAGCAATA;AAGTAACTGACA;CGGTAAATCTAA;GTAGCGGAATGA;AGACACTGGGAT;GTGACACTGGAA;GACGAAGGTTCA;AGACACTGGAAT;ATAAGGTAGTAC;GGTTCTGCAAGA;GATGGTAAAGTA;AGTAATAGCAAG;GTGACGGTATGA;AATAAGGGATCT;CACTCTCTAATC;AATAAGGTAGTA;AGGTAGTAAATG;CGGAATGACGAA;GATGACAAAAGA;ATGAGGAAATAG;ACTCGGATGACA;GCACTGGAATGA;GAAGTAGCAAAA;TGGAATGACAAA;AAATAGTAAAGG;ATAAGACGCCAA;AGCACTGGAATA;AGGAAGTAGTAT;GATGACAGGAAA;ACACTGGGATGA;ACGCATGGTAGT;ATGTAAGTAATC;ATGTAATAGTAG
50,48,0.8381750569104152,0.8418860655854082,0.8381750569104152,14.723622358984919,618,True,evaluated,ACTGGGATGACA;ACTGGAATGACA;ATAAGTAGCGAT;CGGTATCTCTAG;AGTAGCTGACAC;GAAGTATCAATA;TATAGCAAAAGA;CTAACAAGTAGC;CTAACACGTAGC;GCTGGAATGACA;AAGCACGGTTCT;AAGGTAGTATCA;TAAAGTATGGGA;ATAACACTCTGC;GAAGCAATATCA;GATGTAGCAATA;AAGTAACTGACA;CGGTAAATCTAA;GTAGCGGAATGA;AGACACTGGGAT;GTGACACTGGAA;GACGAAGGTTCA;AGACACTGGAAT;ATAAGGTAGTAC;GGTTCTGCAAGA;GATGGTAAAGTA;AGTAATAGCAAG;GTGACGGTATGA;AATAAGGGATCT;CACTCTCTAATC;AATAAGGTAGTA;AGGTAGTAAATG;CGGAATGACGAA;GATGACAAAAGA;ATGAGGAAATAG;ACTCGGATGACA;GCACTGGAATGA;GAAGTAGCAAAA;TGGAATGACAAA;AAATAGTAAAGG;ATAAGACGCCAA;AGCACTGGAATA;AGGAAGTAGTAT;GATGACAGGAAA;ACACTGGGATGA;ACGCATGGTAGT;ATGTAAGTAATC;ATGTAATAGTAG
51,48,0.8381750569104152,0.8418860655854082,0.8381750569104152,14.723622358984919,618,True,evaluated,ACTGGGATGACA;ACTGGAATGACA;ATAAGTAGCGAT;CGGTATCTCTAG;AGTAGCTGACAC;GAAGTATCAATA;TATAGCAAAAGA;CTAACAAGTAGC;CTAACACGTAGC;GCTGGAATGACA;AAGCACGGTTCT;AAGGTAGTATCA;TAAAGTATGGGA;ATAACACTCTGC;GAAGCAATATCA;GATGTAGCAATA;AAGTAACTGACA;CGGTAAATCTAA;GTAGCGGAATGA;AGACACTGGGAT;GTGACACTGGAA;GACGAAGGTTCA;AGACACTGGAAT;ATAAGGTAGTAC;GGTTCTGCAAGA;GATGGTAAAGTA;AGTAATAGCAAG;GTGACGGTATGA;AATAAGGGATCT;CACTCTCTAATC;AATAAGGTAGTA;AGGTAGTAAATG;CGGAATGACGAA;GATGACAAAAGA;ATGAGGAAATAG;ACTCGGATGACA;GCACTGGAATGA;GAAGTAGCAAAA;TGGAATGACAAA;AAATAGTAAAGG;ATAAGACGCCAA;AGCACTGGAATA;AGGAAGTAGTAT;GATGACAGGAAA;ACACTGGGATGA;ACGCATGGTAGT;ATGTAAGTAATC;ATGTAATAGTAG
52,48,0.8381750569104152,0.8418860655854082,0.8381750569104152,14.723622358984919,618,True,evaluated,ACTGGGATGACA;ACTGGAATGACA;ATAAGTAGCGAT;CGGTATCTCTAG;AGTAGCTGACAC;GAAGTATCAATA;TATAGCAAAAGA;CTAACAAGTAGC;CTAACACGTAGC;GCTGGAATGACA;AAGCACGGTTCT;AAGGTAGTATCA;TAAAGTATGGGA;ATAACACTCTGC;GAAGCAATATCA;GATGTAGCAATA;AAGTAACTGACA;CGGTAAATCTAA;GTAGCGGAATGA;AGACACTGGGAT;GTGACACTGGAA;GACGAAGGTTCA;AGACACTGGAAT;ATAAGGTAGTAC;GGTTCTGCAAGA;GATGGTAAAGTA;AGTAATAGCAAG;GTGACGGTATGA;AATAAGGGATCT;CACTCTCTAATC;AATAAGGTAGTA;AGGTAGTAAATG;CGGAATGACGAA;GATGACAAAAGA;ATGAGGAAATAG;ACTCGGATGACA;GCACTGGAATGA;GAAGTAGCAAAA;TGGAATGACAAA;AAATAGTAAAGG;ATAAGACGCCAA;AGCACTGGAATA;AGGAAGTAGTAT;GATGACAGGAAA;ACACTGGGATGA;ACGCATGGTAGT;ATGTAAGTAATC;ATGTAATAGTAG
53,48,0.8381750569104152,0.8418860655854082,0.8381750569104152,14.723622358984919,618,True,evaluated,ACTGGGATGACA;ACTGGAATGACA;ATAAGTAGCGAT;CGGTATCTCTAG;AGTAGCTGACAC;GAAGTATCAATA;TATAGCAAAAGA;CTAACAAGTAGC;CTAACACGTAGC;GCTGGAATGACA;AAGCACGGTTCT;AAGGTAGTATCA;TAAAGTATGGGA;ATAACACTCTGC;GAAGCAATATCA;GATGTAGCAATA;AAGTAACTGACA;CGGTAAATCTAA;GTAGCGGAATGA;AGACACTGGGAT;GTGACACTGGAA;GACGAAGGTTCA;AGACACTGGAAT;ATAAGGTAGTAC;GGTTCTGCAAGA;GATGGTAAAGTA;AGTAATAGCAAG;GTGACGGTATGA;AATAAGGGATCT;CACTCTCTAATC;AATAAGGTAGTA;AGGTAGTAAATG;CGGAATGACGAA;GATGACAAAAGA;ATGAGGAAATAG;ACTCGGATGACA;GCACTGGAATGA;GAAGTAGCAAAA;TGGAATGACAAA;AAATAGTAAAGG;ATAAGACGCCAA;AGCACTGGAATA;AGGAAGTAGTAT;GATGACAGGAAA;ACACTGGGATGA;ACGCATGGTAGT;ATGTAAGTAATC;ATGTAATAGTAG
54,48,0.8381750569104152,0.8418860655854082,0.8381750569104152,14.723622358984919,618,True,evaluated,ACTGGGATGACA;ACTGGAATGACA;ATAAGTAGCGAT;CGGTATCTCTAG;AGTAGCTGACAC;GAAGTATCAATA;TATAGCAAAAGA;CTAACAAGTAGC;CTAACACGTAGC;GCTGGAATGACA;AAGCACGGTTCT;AAGGTAGTATCA;TAAAGTATGGGA;ATAACACTCTGC;GAAGCAATATCA;GATGTAGCAATA;AAGTAACTGACA;CGGTAAATCTAA;GTAGCGGAATGA;AGACACTGGGAT;GTGACACTGGAA;GACGAAGGTTCA;AGACACTGGAAT;ATAAGGTAGTAC;GGTTCTGCAAGA;GATGGTAAAGTA;AGTAATAGCAAG;GTGACGGTATGA;AATAAGGGATCT;CACTCTCTAATC;AATAAGGTAGTA;AGGTAGTAAATG;CGGAATGACGAA;GATGACAAAAGA;ATGAGGAAATAG;ACTCGGATGACA;GCACTGGAATGA;GAAGTAGCAAAA;TGGAATGACAAA;AAATAGTAAAGG;ATAAGACGCCAA;AGCACTGGAATA;AGGAAGTAGTAT;GATGACAGGAAA;ACACTGGGATGA;ACGCATGGTAGT;ATGTAAGTAATC;ATGTAATAGTAG
55,48,0.8381750569104152,0.8418860655854082,0.8381750569104152,14.723622358984919,618,True,evaluated,ACTGGGATGACA;ACTGGAATGACA;ATAAGTAGCGAT;CGGTATCTCTAG;AGTAGCTGACAC;GAAGTATCAATA;TATAGCAAAAGA;CTAACAAGTAGC;CTAACACGTAGC;GCTGGAATGACA;AAGCACGGTTCT;AAGGTAGTATCA;TAAAGTATGGGA;ATAACACTCTGC;GAAGCAATATCA;GATGTAGCAATA;AAGTAACTGACA;CGGTAAATCTAA;GTAGCGGAATGA;AGACACTGGGAT;GTGACACTGGAA;GACGAAGGTTCA;AGACACTGGAAT;ATAAGGTAGTAC;GGTTCTGCAAGA;GATGGTAAAGTA;AGTAATAGCAAG;GTGACGGTATGA;AATAAGGGATCT;CACTCTCTAATC;AATAAGGTAGTA;AGGTAGTAAATG;CGGAATGACGAA;GATGACAAAAGA;ATGAGGAAATAG;ACTCGGATGACA;GCACTGGAATGA;GAAGTAGCAAAA;TGGAATGACAAA;AAATAGTAAAGG;ATAAGACGCCAA;AGCACTGGAATA;AGGAAGTAGTAT;GATGACAGGAAA;ACACTGGGATGA;ACGCATGGTAGT;ATGTAAGTAATC;ATGTAATAGTAG
56,48,0.8381750569104152,0.8418860655854082,0.8381750569104152,14.723622358984919,618,True,evaluated,ACTGGGATGACA;ACTGGAATGACA;ATAAGTAGCGAT;CGGTATCTCTAG;AGTAGCTGACAC;GAAGTATCAATA;TATAGCAAAAGA;CTAACAAGTAGC;CTAACACGTAGC;GCTGGAATGACA;AAGCACGGTTCT;AAGGTAGTATCA;TAAAGTATGGGA;ATAACACTCTGC;GAAGCAATATCA;GATGTAGCAATA;AAGTAACTGACA;CGGTAAATCTAA;GTAGCGGAATGA;AGACACTGGGAT;GTGACACTGGAA;GACGAAGGTTCA;AGACACTGGAAT;ATAAGGTAGTAC;GGTTCTGCAAGA;GATGGTAAAGTA;AGTAATAGCAAG;GTGACGGTATGA;AATAAGGGATCT;CACTCTCTAATC;AATAAGGTAGTA;AGGTAGTAAATG;CGGAATGACGAA;GATGACAAAAGA;ATGAGGAAATAG;ACTCGGATGACA;GCACTGGAATGA;GAAGTAGCAAAA;TGGAATGACAAA;AAATAGTAAAGG;ATAAGACGCCAA;AGCACTGGAATA;AGGAAGTAGTAT;GATGACAGGAAA;ACACTGGGATGA;ACGCATGGTAGT;ATGTAAGTAATC;ATGTAATAGTAG
57,48,0.8381750569104152,0.8418860655854082,0.8381750569104152,14.723622358984919,618,True,evaluated,ACTGGGATGACA;ACTGGAATGACA;ATAAGTAGCGAT;CGGTATCTCTAG;AGTAGCTGACAC;GAAGTATCAATA;TATAGCAAAAGA;CTAACAAGTAGC;CTAACACGTAGC;GCTGGAATGACA;AAGCACGGTTCT;AAGGTAGTATCA;TAAAGTATGGGA;ATAACACTCTGC;GAAGCAATATCA;GATGTAGCAATA;AAGTAACTGACA;CGGTAAATCTAA;GTAGCGGAATGA;AGACACTGGGAT;GTGACACTGGAA;GACGAAGGTTCA;AGACACTGGAAT;ATAAGGTAGTAC;GGTTCTGCAAGA;GATGGTAAAGTA;AGTAATAGCAAG;GTGACGGTATGA;AATAAGGGATCT;CACTCTCTAATC;AATAAGGTAGTA;AGGTAGTAAATG;CGGAATGACGAA;GATGACAAAAGA;ATGAGGAAATAG;ACTCGGATGACA;GCACTGGAATGA;GAAGTAGCAAAA;TGGAATGACAAA;AAATAGTAAAGG;ATAAGACGCCAA;AGCACTGGAATA;AGGAAGTAGTAT;GATGACAGGAAA;ACACTGGGATGA;ACGCATGGTAGT;ATGTAAGTAATC;ATGTAATAGTAG
58,48,0.8381750569104152,0.8418860655854082,0.8381750569104152,14.723622358984919,618,True,evaluated,ACTGGGATGACA;ACTGGAATGACA;ATAAGTAGCGAT;CGGTATCTCTAG;AGTAGCTGACAC;GAAGTATCAATA;TATAGCAAAAGA;CTAACAAGTAGC;CTAACACGTAGC;GCTGGAATGACA;AAGCACGGTTCT;AAGGTAGTATCA;TAAAGTATGGGA;ATAACACTCTGC;GAAGCAATATCA;GATGTAGCAATA;AAGTAACTGACA;CGGTAAATCTAA;GTAGCGGAATGA;AGACACTGGGAT;GTGACACTGGAA;GACGAAGGTTCA;AGACACTGGAAT;ATAAGGTAGTAC;GGTTCTGCAAGA;GATGGTAAAGTA;AGTAATAGCAAG;GTGACGGTATGA;AATAAGGGATCT;CACTCTCTAATC;AATAAGGTAGTA;AGGTAGTAAATG;CGGAATGACGAA;GATGACAAAAGA;ATGAGGAAATAG;ACTCGGATGACA;GCACTGGAATGA;GAAGTAGCAAAA;TGGAATGACAAA;AAATAGTAAAGG;ATAAGACGCCAA;AGCACTGGAATA;AGGAAGTAGTAT;GATGACAGGAAA;ACACTGGGATGA;ACGCATGGTAGT;ATGTAAGTAATC;ATGTAATAGTAG
59,48,0.8381750569104152,0.8418860655854082,0.8381750569104152,14.723622358984919,618,True,evaluated,ACTGGGATGACA;ACTGGAATGACA;ATAAGTAGCGAT;CGGTATCTCTAG;AGTAGCTGACAC;GAAGTATCAATA;TATAGCAAAAGA;CTAACAAGTAGC;CTAACACGTAGC;GCTGGAATGACA;AAGCACGGTTCT;AAGGTAGTATCA;TAAAGTATGGGA;ATAACACTCTGC;GAAGCAATATCA;GATGTAGCAATA;AAGTAACTGACA;CGGTAAATCTAA;GTAGCGGAATGA;AGACACTGGGAT;GTGACACTGGAA;GACGAAGGTTCA;AGACACTGGAAT;ATAAGGTAGTAC;GGTTCTGCAAGA;GATGGTAAAGTA;AGTAATAGCAAG;GTGACGGTATGA;AATAAGGGATCT;CACTCTCTAATC;AATAAGGTAGTA;AGGTAGTAAATG;CGGAATGACGAA;GATGACAAAAGA;ATGAGGAAATAG;ACTCGGATGACA;GCACTGGAATGA;GAAGTAGCAAAA;TGGAATGACAAA;AAATAGTAAAGG;ATAAGACGCCAA;AGCACTGGAATA;AGGAAGTAGTAT;GATGACAGGAAA;ACACTGGGATGA;ACGCATGGTAGT;ATGTAAGTAATC;ATGTAATAGTAG
60,48,0.8381750569104152,0.8418860655854082,0.8381750569104152,14.723622358984919,618,True,evaluated,ACTGGGATGACA;ACTGGAATGACA;ATAAGTAGCGAT;CGGTATCTCTAG;AGTAGCTGACAC;GAAGTATCAATA;TATAGCAAAAGA;CTAACAAGTAGC;CTAACACGTAGC;GCTGGAATGACA;AAGCACGGTTCT;AAGGTAGTATCA;TAAAGTATGGGA;ATAACACTCTGC;GAAGCAATATCA;GATGTAGCAATA;AAGTAACTGACA;CGGTAAATCTAA;GTAGCGGAATGA;AGACACTGGGAT;GTGACACTGGAA;GACGAAGGTTCA;AGACACTGGAAT;ATAAGGTAGTAC;GGTTCTGCAAGA;GATGGTAAAGTA;AGTAATAGCAAG;GTGACGGTATGA;AATAAGGGATCT;CACTCTCTAATC;AATAAGGTAGTA;AGGTAGTAAATG;CGGAATGACGAA;GATGACAAAAGA;ATGAGGAAATAG;ACTCGGATGACA;GCACTGGAATGA;GAAGTAGCAAAA;TGGAATGACAAA;AAATAGTAAAGG;ATAAGACGCCAA;AGCACTGGAATA;AGGAAGTAGTAT;GATGACAGGAAA;ACACTGGGATGA;ACGCATGGTAGT;ATGTAAGTAATC;ATGTAATAGTAG
61,48,0.8381750569104152,0.8418860655854082,0.8381750569104152,14.723622358984919,618,True,evaluated,ACTGGGATGACA;ACTGGAATGACA;ATAAGTAGCGAT;CGGTATCTCTAG;AGTAGCTGACAC;GAAGTATCAATA;TATAGCAAAAGA;CTAACAAGTAGC;CTAACACGTAGC;GCTGGAATGACA;AAGCACGGTTCT;AAGGTAGTATCA;TAAAGTATGGGA;ATAACACTCTGC;GAAGCAATATCA;GATGTAGCAATA;AAGTAACTGACA;CGGTAAATCTAA;GTAGCGGAATGA;AGACACTGGGAT;GTGACACTGGAA;GACGAAGGTTCA;AGACACTGGAAT;ATAAGGTAGTAC;GGTTCTGCAAGA;GATGGTAAAGTA;AGTAATAGCAAG;GTGACGGTATGA;AATAAGGGATCT;CACTCTCTAATC;AATAAGGTAGTA;AGGTAGTAAATG;CGGAATGACGAA;GATGACAAAAGA;ATGAGGAAATAG;ACTCGGATGACA;GCACTGGAATGA;GAAGTAGCAAAA;TGGAATGACAAA;AAATAGTAAAGG;ATAAGACGCCAA;AGCACTGGAATA;AGGAAGTAGTAT;GATGACAGGAAA;ACACTGGGATGA;ACGCATGGTAGT;ATGTAAGTAATC;ATGTAATAGTAG
62,48,0.8381750569104152,0.8418860655854082,0.8381750569104152,14.723622358984919,618,True,evaluated,ACTGGGATGACA;ACTGGAATGACA;ATAAGTAGCGAT;CGGTATCTCTAG;AGTAGCTGACAC;GAAGTATCAATA;TATAGCAAAAGA;CTAACAAGTAGC;CTAACACGTAGC;GCTGGAATGACA;AAGCACGGTTCT;AAGGTAGTATCA;TAAAGTATGGGA;ATAACACTCTGC;GAAGCAATATCA;GATGTAGCAATA;AAGTAACTGACA;CGGTAAATCTAA;GTAGCGGAATGA;AGACACTGGGAT;GTGACACTGGAA;GACGAAGGTTCA;AGACACTGGAAT;ATAAGGTAGTAC;GGTTCTGCAAGA;GATGGTAAAGTA;AGTAATAGCAAG;GTGACGGTATGA;AATAAGGGATCT;CACTCTCTAATC;AATAAGGTAGTA;AGGTAGTAAATG;CGGAATGACGAA;GATGACAAAAGA;ATGAGGAAATAG;ACTCGGATGACA;GCACTGGAATGA;GAAGTAGCAAAA;TGGAATGACAAA;AAATAGTAAAGG;ATAAGACGCCAA;AGCACTGGAATA;AGGAAGTAGTAT;GATGACAGGAAA;ACACTGGGATGA;ACGCATGGTAGT;ATGTAAGTAATC;ATGTAATAGTAG
63,48,0.8381750569104152,0.8418860655854082,0.8381750569104152,14.723622358984919,618,True,evaluated,ACTGGGATGACA;ACTGGAATGACA;ATAAGTAGCGAT;CGGTATCTCTAG;AGTAGCTGACAC;GAAGTATCAATA;TATAGCAAAAGA;CTAACAAGTAGC;CTAACACGTAGC;GCTGGAATGACA;AAGCACGGTTCT;AAGGTAGTATCA;TAAAGTATGGGA;ATAACACTCTGC;GAAGCAATATCA;GATGTAGCAATA;AAGTAACTGACA;CGGTAAATCTAA;GTAGCGGAATGA;AGACACTGGGAT;GTGACACTGGAA;GACGAAGGTTCA;AGACACTGGAAT;ATAAGGTAGTAC;GGTTCTGCAAGA;GATGGTAAAGTA;AGTAATAGCAAG;GTGACGGTATGA;AATAAGGGATCT;CACTCTCTAATC;AATAAGGTAGTA;AGGTAGTAAATG;CGGAATGACGAA;GATGACAAAAGA;ATGAGGAAATAG;ACTCGGATGACA;GCACTGGAATGA;GAAGTAGCAAAA;TGGAATGACAAA;AAATAGTAAAGG;ATAAGACGCCAA;AGCACTGGAATA;AGGAAGTAGTAT;GATGACAGGAAA;ACACTGGGATGA;ACGCATGGTAGT;ATGTAAGTAATC;ATGTAATAGTAG
64,48,0.8381750569104152,0.8418860655854082,0.8381750569104152,14.723622358984919,618,True,evaluated,ACTGGGATGACA;ACTGGAATGACA;ATAAGTAGCGAT;CGGTATCTCTAG;AGTAGCTGACAC;GAAGTATCAATA;TATAGCAAAAGA;CTAACAAGTAGC;CTAACACGTAGC;GCTGGAATGACA;AAGCACGGTTCT;AAGGTAGTATCA;TAAAGTATGGGA;ATAACACTCTGC;GAAGCAATATCA;GATGTAGCAATA;AAGTAACTGACA;CGGTAAATCTAA;GTAGCGGAATGA;AGACACTGGGAT;GTGACACTGGAA;GACGAAGGTTCA;AGACACTGGAAT;ATAAGGTAGTAC;GGTTCTGCAAGA;GATGGTAAAGTA;AGTAATAGCAAG;GTGACGGTATGA;AATAAGGGATCT;CACTCTCTAATC;AATAAGGTAGTA;AGGTAGTAAATG;CGGAATGACGAA;GATGACAAAAGA;ATGAGGAAATAG;ACTCGGATGACA;GCACTGGAATGA;GAAGTAGCAAAA;TGGAATGACAAA;AAATAGTAAAGG;ATAAGACGCCAA;AGCACTGGAATA;AGGAAGTAGTAT;GATGACAGGAAA;ACACTGGGATGA;ACGCATGGTAGT;ATGTAAGTAATC;ATGTAATAGTAG
